{"weights_1": [0.8579609041090032, 0.5084478932211298, 0.5498431881253344, 0.646847517895767, 0.3684629405423063, 0.9521584932107512, 0.8844236794133221, 0.6344672179123374, 0.706413518398105, 0.37808276401377006], "weights_2": [0.6156045996807712, 0.977187239890873, 0.4738108208408466, 0.14751882768203362, 0.1395145323777225, 0.03483155497262047, 0.3462068652295677, 0.8189655536727557, 0.021153781301748054, 0.23081015348373202], "weights_3": [0.1698768371193511, 0.44296482344960075, 0.5649354199712954, 0.2625272464705317]}